Planner,Path_Length,Node_Nums,Average_Curvature,Max_Curvature,Min_Collision_Distance,Average_Pitch,Average_Roll,Planning_time
Astar,1010.06,72356,0.388401,1.58114,0.4,3.06662,22.1048,12.3216
RRTstar,971.291,4346,0.0280834,0.554808,0.272459,1.20133,4.28112,5860.32
TSHAstar_RRP,1033.36,367,0.347247,1.58114,0.894427,0.882613,1.89185,31.3172
TSHAstar_BS,988.474,2001,0.167499,1.54596,0.316544,0.874833,1.6961,35.9979
TSHAstar_OP,977.987,246,0.01352,0.0903871,0.912727,1.01657,1.68892,107.594
TSHAstar,978.286,246,0.0139055,0.101622,0.220075,0.968999,1.80281,397.147
