Planner,Path_Length,Node_Nums,Average_Curvature,Max_Curvature,Min_Collision_Distance,Planning_time
Astar,1010.06,72356,0.388401,1.58114,0.4,11.7453
RRTstar,972.942,4190,0.0261241,0.221345,0.388714,5783.66
TSHAstar_RRP,1033.36,367,0.347247,1.58114,0.894427,26.1944
TSHAstar_BS,988.474,2001,0.167499,1.54596,0.316544,32.2647
TSHAstar_OP,977.987,246,0.01352,0.0903871,0.912727,94.4594
TSHAstar,979.313,246,0.0145232,0.100764,0.220083,376.459
